r1c1,r2c1,r3c1,r4c1,r1c2,r2c2,r3c2,r4c2,r1c3,r2c3,r3c3,r4c3,r1c4,r2c4,r3c4,r4c4,r1c5,r2c5,r3c5,r4c5,r1c6,r2c6,r3c6,r4c6,r1c7,r2c7,r3c7,r4c7
body-45.jpg,body-90.jpg,body-70.jpg,body-94.jpg,SHINEd_car-44.jpg,SHINEd_car-84.jpg,SHINEd_car-101.jpg,SHINEd_car-89.jpg,SHINEd_face-139.jpg,SHINEd_face-32.jpg,SHINEd_face-15.jpg,SHINEd_face-88.jpg,SHINEd_foot-122.jpg,SHINEd_foot-45.jpg,SHINEd_foot-70.jpg,SHINEd_foot-36.jpg,SHINEd_hand-138.jpg,SHINEd_hand-66.jpg,SHINEd_hand-40.jpg,SHINEd_hand-52.jpg,SHINEd_house-33.jpg,SHINEd_house-115.jpg,SHINEd_house-59.jpg,SHINEd_house-84.jpg,SHINEd_word-99.jpg,SHINEd_word-155.jpg,SHINEd_word-8.jpg,SHINEd_word-4.jpg
body-106.jpg,body-128.jpg,body-60.jpg,body-30.jpg,SHINEd_car-54.jpg,SHINEd_car-64.jpg,SHINEd_car-70.jpg,SHINEd_car-44.jpg,SHINEd_face-80.jpg,SHINEd_face-126.jpg,SHINEd_face-31.jpg,SHINEd_face-131.jpg,SHINEd_foot-8.jpg,SHINEd_foot-126.jpg,SHINEd_foot-105.jpg,SHINEd_foot-44.jpg,SHINEd_hand-2.jpg,SHINEd_hand-128.jpg,SHINEd_hand-2.jpg,SHINEd_hand-25.jpg,SHINEd_house-18.jpg,SHINEd_house-155.jpg,SHINEd_house-108.jpg,SHINEd_house-156.jpg,SHINEd_word-139.jpg,SHINEd_word-134.jpg,SHINEd_word-140.jpg,SHINEd_word-121.jpg
body-78.jpg,body-144.jpg,body-125.jpg,body-138.jpg,SHINEd_car-12.jpg,SHINEd_car-83.jpg,SHINEd_car-71.jpg,SHINEd_car-17.jpg,SHINEd_face-151.jpg,SHINEd_face-102.jpg,SHINEd_face-125.jpg,SHINEd_face-112.jpg,SHINEd_foot-13.jpg,SHINEd_foot-16.jpg,SHINEd_foot-16.jpg,SHINEd_foot-115.jpg,SHINEd_hand-54.jpg,SHINEd_hand-136.jpg,SHINEd_hand-32.jpg,SHINEd_hand-52.jpg,SHINEd_house-168.jpg,SHINEd_house-22.jpg,SHINEd_house-174.jpg,SHINEd_house-84.jpg,SHINEd_word-119.jpg,SHINEd_word-163.jpg,SHINEd_word-139.jpg,SHINEd_word-157.jpg
body-97.jpg,body-42.jpg,body-33.jpg,body-69.jpg,SHINEd_car-39.jpg,SHINEd_car-59.jpg,SHINEd_car-99.jpg,SHINEd_car-143.jpg,SHINEd_face-3.jpg,SHINEd_face-88.jpg,SHINEd_face-20.jpg,SHINEd_face-15.jpg,SHINEd_foot-116.jpg,SHINEd_foot-65.jpg,SHINEd_foot-41.jpg,SHINEd_foot-119.jpg,SHINEd_hand-118.jpg,SHINEd_hand-40.jpg,SHINEd_hand-109.jpg,SHINEd_hand-22.jpg,SHINEd_house-123.jpg,SHINEd_house-40.jpg,SHINEd_house-108.jpg,SHINEd_house-13.jpg,SHINEd_word-139.jpg,SHINEd_word-172.jpg,SHINEd_word-176.jpg,SHINEd_word-121.jpg
body-78.jpg,body-20.jpg,body-118.jpg,body-14.jpg,SHINEd_car-92.jpg,SHINEd_car-25.jpg,SHINEd_car-71.jpg,SHINEd_car-114.jpg,SHINEd_face-24.jpg,SHINEd_face-67.jpg,SHINEd_face-12.jpg,SHINEd_face-18.jpg,SHINEd_foot-65.jpg,SHINEd_foot-16.jpg,SHINEd_foot-92.jpg,SHINEd_foot-79.jpg,SHINEd_hand-20.jpg,SHINEd_hand-22.jpg,SHINEd_hand-49.jpg,SHINEd_hand-14.jpg,SHINEd_house-4.jpg,SHINEd_house-182.jpg,SHINEd_house-22.jpg,SHINEd_house-63.jpg,SHINEd_word-67.jpg,SHINEd_word-85.jpg,SHINEd_word-131.jpg,SHINEd_word-70.jpg
body-5.jpg,body-136.jpg,body-50.jpg,body-35.jpg,SHINEd_car-91.jpg,SHINEd_car-89.jpg,SHINEd_car-24.jpg,SHINEd_car-143.jpg,SHINEd_face-154.jpg,SHINEd_face-78.jpg,SHINEd_face-63.jpg,SHINEd_face-19.jpg,SHINEd_foot-83.jpg,SHINEd_foot-116.jpg,SHINEd_foot-21.jpg,SHINEd_foot-21.jpg,SHINEd_hand-111.jpg,SHINEd_hand-59.jpg,SHINEd_hand-47.jpg,SHINEd_hand-32.jpg,SHINEd_house-85.jpg,SHINEd_house-202.jpg,SHINEd_house-6.jpg,SHINEd_house-107.jpg,SHINEd_word-97.jpg,SHINEd_word-59.jpg,SHINEd_word-105.jpg,SHINEd_word-42.jpg
body-22.jpg,body-21.jpg,body-143.jpg,body-79.jpg,SHINEd_car-51.jpg,SHINEd_car-18.jpg,SHINEd_car-13.jpg,SHINEd_car-111.jpg,SHINEd_face-63.jpg,SHINEd_face-185.jpg,SHINEd_face-138.jpg,SHINEd_face-5.jpg,SHINEd_foot-29.jpg,SHINEd_foot-135.jpg,SHINEd_foot-107.jpg,SHINEd_foot-64.jpg,SHINEd_hand-104.jpg,SHINEd_hand-22.jpg,SHINEd_hand-34.jpg,SHINEd_hand-95.jpg,SHINEd_house-84.jpg,SHINEd_house-14.jpg,SHINEd_house-185.jpg,SHINEd_house-163.jpg,SHINEd_word-112.jpg,SHINEd_word-109.jpg,SHINEd_word-57.jpg,SHINEd_word-65.jpg
body-75.jpg,body-40.jpg,body-55.jpg,body-53.jpg,SHINEd_car-91.jpg,SHINEd_car-105.jpg,SHINEd_car-23.jpg,SHINEd_car-62.jpg,SHINEd_face-176.jpg,SHINEd_face-78.jpg,SHINEd_face-79.jpg,SHINEd_face-175.jpg,SHINEd_foot-4.jpg,SHINEd_foot-62.jpg,SHINEd_foot-68.jpg,SHINEd_foot-24.jpg,SHINEd_hand-109.jpg,SHINEd_hand-120.jpg,SHINEd_hand-28.jpg,SHINEd_hand-120.jpg,SHINEd_house-85.jpg,SHINEd_house-160.jpg,SHINEd_house-107.jpg,SHINEd_house-139.jpg,SHINEd_word-86.jpg,SHINEd_word-103.jpg,SHINEd_word-73.jpg,SHINEd_word-23.jpg
body-88.jpg,body-1.jpg,body-135.jpg,body-133.jpg,SHINEd_car-44.jpg,SHINEd_car-138.jpg,SHINEd_car-22.jpg,SHINEd_car-54.jpg,SHINEd_face-72.jpg,SHINEd_face-134.jpg,SHINEd_face-175.jpg,SHINEd_face-17.jpg,SHINEd_foot-4.jpg,SHINEd_foot-115.jpg,SHINEd_foot-30.jpg,SHINEd_foot-92.jpg,SHINEd_hand-32.jpg,SHINEd_hand-32.jpg,SHINEd_hand-121.jpg,SHINEd_hand-125.jpg,SHINEd_house-101.jpg,SHINEd_house-95.jpg,SHINEd_house-117.jpg,SHINEd_house-35.jpg,SHINEd_word-133.jpg,SHINEd_word-100.jpg,SHINEd_word-186.jpg,SHINEd_word-60.jpg
body-7.jpg,body-47.jpg,body-108.jpg,body-20.jpg,SHINEd_car-31.jpg,SHINEd_car-71.jpg,SHINEd_car-73.jpg,SHINEd_car-136.jpg,SHINEd_face-164.jpg,SHINEd_face-164.jpg,SHINEd_face-152.jpg,SHINEd_face-177.jpg,SHINEd_foot-53.jpg,SHINEd_foot-65.jpg,SHINEd_foot-92.jpg,SHINEd_foot-105.jpg,SHINEd_hand-75.jpg,SHINEd_hand-114.jpg,SHINEd_hand-51.jpg,SHINEd_hand-81.jpg,SHINEd_house-91.jpg,SHINEd_house-113.jpg,SHINEd_house-59.jpg,SHINEd_house-157.jpg,SHINEd_word-11.jpg,SHINEd_word-56.jpg,SHINEd_word-191.jpg,SHINEd_word-169.jpg
body-52.jpg,body-116.jpg,body-124.jpg,body-136.jpg,SHINEd_car-78.jpg,SHINEd_car-138.jpg,SHINEd_car-99.jpg,SHINEd_car-54.jpg,SHINEd_face-14.jpg,SHINEd_face-134.jpg,SHINEd_face-42.jpg,SHINEd_face-138.jpg,SHINEd_foot-135.jpg,SHINEd_foot-76.jpg,SHINEd_foot-102.jpg,SHINEd_foot-15.jpg,SHINEd_hand-96.jpg,SHINEd_hand-90.jpg,SHINEd_hand-140.jpg,SHINEd_hand-2.jpg,SHINEd_house-101.jpg,SHINEd_house-28.jpg,SHINEd_house-90.jpg,SHINEd_house-99.jpg,SHINEd_word-147.jpg,SHINEd_word-198.jpg,SHINEd_word-186.jpg,SHINEd_word-65.jpg
body-1.jpg,body-48.jpg,body-109.jpg,body-81.jpg,SHINEd_car-86.jpg,SHINEd_car-9.jpg,SHINEd_car-42.jpg,SHINEd_car-73.jpg,SHINEd_face-50.jpg,SHINEd_face-193.jpg,SHINEd_face-37.jpg,SHINEd_face-4.jpg,SHINEd_foot-98.jpg,SHINEd_foot-119.jpg,SHINEd_foot-122.jpg,SHINEd_foot-46.jpg,SHINEd_hand-27.jpg,SHINEd_hand-3.jpg,SHINEd_hand-43.jpg,SHINEd_hand-112.jpg,SHINEd_house-2.jpg,SHINEd_house-113.jpg,SHINEd_house-160.jpg,SHINEd_house-23.jpg,SHINEd_word-181.jpg,SHINEd_word-149.jpg,SHINEd_word-21.jpg,SHINEd_word-112.jpg
body-48.jpg,body-131.jpg,body-127.jpg,body-15.jpg,SHINEd_car-141.jpg,SHINEd_car-45.jpg,SHINEd_car-5.jpg,SHINEd_car-96.jpg,SHINEd_face-14.jpg,SHINEd_face-3.jpg,SHINEd_face-137.jpg,SHINEd_face-61.jpg,SHINEd_foot-38.jpg,SHINEd_foot-46.jpg,SHINEd_foot-64.jpg,SHINEd_foot-74.jpg,SHINEd_hand-112.jpg,SHINEd_hand-118.jpg,SHINEd_hand-69.jpg,SHINEd_hand-75.jpg,SHINEd_house-140.jpg,SHINEd_house-145.jpg,SHINEd_house-20.jpg,SHINEd_house-99.jpg,SHINEd_word-147.jpg,SHINEd_word-10.jpg,SHINEd_word-127.jpg,SHINEd_word-25.jpg
body-46.jpg,body-48.jpg,body-109.jpg,body-17.jpg,SHINEd_car-86.jpg,SHINEd_car-42.jpg,SHINEd_car-45.jpg,SHINEd_car-5.jpg,SHINEd_face-76.jpg,SHINEd_face-119.jpg,SHINEd_face-37.jpg,SHINEd_face-23.jpg,SHINEd_foot-107.jpg,SHINEd_foot-139.jpg,SHINEd_foot-74.jpg,SHINEd_foot-87.jpg,SHINEd_hand-43.jpg,SHINEd_hand-42.jpg,SHINEd_hand-123.jpg,SHINEd_hand-7.jpg,SHINEd_house-95.jpg,SHINEd_house-66.jpg,SHINEd_house-145.jpg,SHINEd_house-109.jpg,SHINEd_word-101.jpg,SHINEd_word-128.jpg,SHINEd_word-46.jpg,SHINEd_word-20.jpg
body-4.jpg,body-36.jpg,body-12.jpg,body-135.jpg,SHINEd_car-85.jpg,SHINEd_car-70.jpg,SHINEd_car-142.jpg,SHINEd_car-108.jpg,SHINEd_face-155.jpg,SHINEd_face-41.jpg,SHINEd_face-128.jpg,SHINEd_face-85.jpg,SHINEd_foot-99.jpg,SHINEd_foot-36.jpg,SHINEd_foot-142.jpg,SHINEd_foot-18.jpg,SHINEd_hand-22.jpg,SHINEd_hand-56.jpg,SHINEd_hand-90.jpg,SHINEd_hand-121.jpg,SHINEd_house-50.jpg,SHINEd_house-169.jpg,SHINEd_house-15.jpg,SHINEd_house-192.jpg,SHINEd_word-111.jpg,SHINEd_word-166.jpg,SHINEd_word-149.jpg,SHINEd_word-135.jpg
body-137.jpg,body-65.jpg,body-85.jpg,body-17.jpg,SHINEd_car-32.jpg,SHINEd_car-141.jpg,SHINEd_car-138.jpg,SHINEd_car-134.jpg,SHINEd_face-31.jpg,SHINEd_face-40.jpg,SHINEd_face-108.jpg,SHINEd_face-97.jpg,SHINEd_foot-64.jpg,SHINEd_foot-139.jpg,SHINEd_foot-15.jpg,SHINEd_foot-55.jpg,SHINEd_hand-56.jpg,SHINEd_hand-121.jpg,SHINEd_hand-60.jpg,SHINEd_hand-97.jpg,SHINEd_house-134.jpg,SHINEd_house-187.jpg,SHINEd_house-40.jpg,SHINEd_house-63.jpg,SHINEd_word-14.jpg,SHINEd_word-128.jpg,SHINEd_word-40.jpg,SHINEd_word-20.jpg
body-100.jpg,body-5.jpg,body-134.jpg,body-131.jpg,SHINEd_car-43.jpg,SHINEd_car-114.jpg,SHINEd_car-137.jpg,SHINEd_car-92.jpg,SHINEd_face-83.jpg,SHINEd_face-195.jpg,SHINEd_face-58.jpg,SHINEd_face-51.jpg,SHINEd_foot-65.jpg,SHINEd_foot-4.jpg,SHINEd_foot-5.jpg,SHINEd_foot-83.jpg,SHINEd_hand-75.jpg,SHINEd_hand-57.jpg,SHINEd_hand-84.jpg,SHINEd_hand-63.jpg,SHINEd_house-136.jpg,SHINEd_house-82.jpg,SHINEd_house-173.jpg,SHINEd_house-130.jpg,SHINEd_word-149.jpg,SHINEd_word-157.jpg,SHINEd_word-84.jpg,SHINEd_word-76.jpg
body-113.jpg,body-124.jpg,body-63.jpg,body-13.jpg,SHINEd_car-133.jpg,SHINEd_car-10.jpg,SHINEd_car-5.jpg,SHINEd_car-115.jpg,SHINEd_face-92.jpg,SHINEd_face-129.jpg,SHINEd_face-84.jpg,SHINEd_face-46.jpg,SHINEd_foot-53.jpg,SHINEd_foot-124.jpg,SHINEd_foot-82.jpg,SHINEd_foot-105.jpg,SHINEd_hand-54.jpg,SHINEd_hand-108.jpg,SHINEd_hand-3.jpg,SHINEd_hand-106.jpg,SHINEd_house-18.jpg,SHINEd_house-188.jpg,SHINEd_house-77.jpg,SHINEd_house-174.jpg,SHINEd_word-178.jpg,SHINEd_word-88.jpg,SHINEd_word-21.jpg,SHINEd_word-107.jpg
body-11.jpg,body-54.jpg,body-28.jpg,body-88.jpg,SHINEd_car-43.jpg,SHINEd_car-108.jpg,SHINEd_car-76.jpg,SHINEd_car-33.jpg,SHINEd_face-172.jpg,SHINEd_face-107.jpg,SHINEd_face-69.jpg,SHINEd_face-184.jpg,SHINEd_foot-116.jpg,SHINEd_foot-53.jpg,SHINEd_foot-116.jpg,SHINEd_foot-80.jpg,SHINEd_hand-32.jpg,SHINEd_hand-137.jpg,SHINEd_hand-140.jpg,SHINEd_hand-123.jpg,SHINEd_house-109.jpg,SHINEd_house-134.jpg,SHINEd_house-86.jpg,SHINEd_house-81.jpg,SHINEd_word-71.jpg,SHINEd_word-17.jpg,SHINEd_word-29.jpg,SHINEd_word-188.jpg
body-22.jpg,body-48.jpg,body-8.jpg,body-36.jpg,SHINEd_car-119.jpg,SHINEd_car-58.jpg,SHINEd_car-5.jpg,SHINEd_car-12.jpg,SHINEd_face-80.jpg,SHINEd_face-113.jpg,SHINEd_face-53.jpg,SHINEd_face-46.jpg,SHINEd_foot-98.jpg,SHINEd_foot-30.jpg,SHINEd_foot-82.jpg,SHINEd_foot-105.jpg,SHINEd_hand-54.jpg,SHINEd_hand-51.jpg,SHINEd_hand-27.jpg,SHINEd_hand-84.jpg,SHINEd_house-107.jpg,SHINEd_house-19.jpg,SHINEd_house-82.jpg,SHINEd_house-191.jpg,SHINEd_word-15.jpg,SHINEd_word-30.jpg,SHINEd_word-8.jpg,SHINEd_word-150.jpg
body-55.jpg,body-89.jpg,body-94.jpg,body-73.jpg,SHINEd_car-10.jpg,SHINEd_car-97.jpg,SHINEd_car-71.jpg,SHINEd_car-138.jpg,SHINEd_face-165.jpg,SHINEd_face-159.jpg,SHINEd_face-122.jpg,SHINEd_face-40.jpg,SHINEd_foot-79.jpg,SHINEd_foot-8.jpg,SHINEd_foot-119.jpg,SHINEd_foot-64.jpg,SHINEd_hand-31.jpg,SHINEd_hand-88.jpg,SHINEd_hand-2.jpg,SHINEd_hand-88.jpg,SHINEd_house-68.jpg,SHINEd_house-9.jpg,SHINEd_house-89.jpg,SHINEd_house-190.jpg,SHINEd_word-10.jpg,SHINEd_word-177.jpg,SHINEd_word-176.jpg,SHINEd_word-38.jpg
body-3.jpg,body-97.jpg,body-70.jpg,body-55.jpg,SHINEd_car-123.jpg,SHINEd_car-99.jpg,SHINEd_car-14.jpg,SHINEd_car-59.jpg,SHINEd_face-37.jpg,SHINEd_face-60.jpg,SHINEd_face-38.jpg,SHINEd_face-185.jpg,SHINEd_foot-18.jpg,SHINEd_foot-24.jpg,SHINEd_foot-9.jpg,SHINEd_foot-142.jpg,SHINEd_hand-120.jpg,SHINEd_hand-114.jpg,SHINEd_hand-71.jpg,SHINEd_hand-43.jpg,SHINEd_house-160.jpg,SHINEd_house-62.jpg,SHINEd_house-35.jpg,SHINEd_house-85.jpg,SHINEd_word-92.jpg,SHINEd_word-27.jpg,SHINEd_word-28.jpg,SHINEd_word-143.jpg
body-17.jpg,body-64.jpg,body-36.jpg,body-111.jpg,SHINEd_car-12.jpg,SHINEd_car-101.jpg,SHINEd_car-105.jpg,SHINEd_car-112.jpg,SHINEd_face-88.jpg,SHINEd_face-104.jpg,SHINEd_face-174.jpg,SHINEd_face-121.jpg,SHINEd_foot-76.jpg,SHINEd_foot-50.jpg,SHINEd_foot-99.jpg,SHINEd_foot-76.jpg,SHINEd_hand-26.jpg,SHINEd_hand-28.jpg,SHINEd_hand-137.jpg,SHINEd_hand-78.jpg,SHINEd_house-51.jpg,SHINEd_house-109.jpg,SHINEd_house-157.jpg,SHINEd_house-90.jpg,SHINEd_word-171.jpg,SHINEd_word-130.jpg,SHINEd_word-150.jpg,SHINEd_word-192.jpg
body-93.jpg,body-27.jpg,body-61.jpg,body-119.jpg,SHINEd_car-131.jpg,SHINEd_car-3.jpg,SHINEd_car-81.jpg,SHINEd_car-114.jpg,SHINEd_face-37.jpg,SHINEd_face-154.jpg,SHINEd_face-168.jpg,SHINEd_face-127.jpg,SHINEd_foot-8.jpg,SHINEd_foot-115.jpg,SHINEd_foot-30.jpg,SHINEd_foot-115.jpg,SHINEd_hand-39.jpg,SHINEd_hand-101.jpg,SHINEd_hand-106.jpg,SHINEd_hand-71.jpg,SHINEd_house-79.jpg,SHINEd_house-68.jpg,SHINEd_house-16.jpg,SHINEd_house-3.jpg,SHINEd_word-108.jpg,SHINEd_word-169.jpg,SHINEd_word-95.jpg,SHINEd_word-88.jpg
body-93.jpg,body-99.jpg,body-100.jpg,body-102.jpg,SHINEd_car-31.jpg,SHINEd_car-61.jpg,SHINEd_car-35.jpg,SHINEd_car-4.jpg,SHINEd_face-185.jpg,SHINEd_face-44.jpg,SHINEd_face-141.jpg,SHINEd_face-1.jpg,SHINEd_foot-68.jpg,SHINEd_foot-122.jpg,SHINEd_foot-131.jpg,SHINEd_foot-142.jpg,SHINEd_hand-58.jpg,SHINEd_hand-51.jpg,SHINEd_hand-111.jpg,SHINEd_hand-121.jpg,SHINEd_house-162.jpg,SHINEd_house-178.jpg,SHINEd_house-25.jpg,SHINEd_house-175.jpg,SHINEd_word-117.jpg,SHINEd_word-75.jpg,SHINEd_word-165.jpg,SHINEd_word-34.jpg
body-106.jpg,body-62.jpg,body-84.jpg,body-7.jpg,SHINEd_car-59.jpg,SHINEd_car-75.jpg,SHINEd_car-22.jpg,SHINEd_car-101.jpg,SHINEd_face-69.jpg,SHINEd_face-182.jpg,SHINEd_face-180.jpg,SHINEd_face-9.jpg,SHINEd_foot-61.jpg,SHINEd_foot-80.jpg,SHINEd_foot-23.jpg,SHINEd_foot-76.jpg,SHINEd_hand-114.jpg,SHINEd_hand-137.jpg,SHINEd_hand-117.jpg,SHINEd_hand-25.jpg,SHINEd_house-115.jpg,SHINEd_house-168.jpg,SHINEd_house-101.jpg,SHINEd_house-61.jpg,SHINEd_word-75.jpg,SHINEd_word-72.jpg,SHINEd_word-96.jpg,SHINEd_word-42.jpg
body-124.jpg,body-110.jpg,body-137.jpg,body-10.jpg,SHINEd_car-28.jpg,SHINEd_car-61.jpg,SHINEd_car-86.jpg,SHINEd_car-56.jpg,SHINEd_face-129.jpg,SHINEd_face-57.jpg,SHINEd_face-103.jpg,SHINEd_face-161.jpg,SHINEd_foot-80.jpg,SHINEd_foot-68.jpg,SHINEd_foot-45.jpg,SHINEd_foot-50.jpg,SHINEd_hand-37.jpg,SHINEd_hand-143.jpg,SHINEd_hand-140.jpg,SHINEd_hand-121.jpg,SHINEd_house-55.jpg,SHINEd_house-178.jpg,SHINEd_house-28.jpg,SHINEd_house-93.jpg,SHINEd_word-180.jpg,SHINEd_word-190.jpg,SHINEd_word-4.jpg,SHINEd_word-200.jpg
body-81.jpg,body-105.jpg,body-73.jpg,body-8.jpg,SHINEd_car-8.jpg,SHINEd_car-40.jpg,SHINEd_car-18.jpg,SHINEd_car-74.jpg,SHINEd_face-17.jpg,SHINEd_face-182.jpg,SHINEd_face-32.jpg,SHINEd_face-20.jpg,SHINEd_foot-36.jpg,SHINEd_foot-46.jpg,SHINEd_foot-55.jpg,SHINEd_foot-41.jpg,SHINEd_hand-19.jpg,SHINEd_hand-34.jpg,SHINEd_hand-104.jpg,SHINEd_hand-81.jpg,SHINEd_house-23.jpg,SHINEd_house-16.jpg,SHINEd_house-73.jpg,SHINEd_house-129.jpg,SHINEd_word-143.jpg,SHINEd_word-125.jpg,SHINEd_word-71.jpg,SHINEd_word-45.jpg
body-6.jpg,body-78.jpg,body-22.jpg,body-100.jpg,SHINEd_car-126.jpg,SHINEd_car-115.jpg,SHINEd_car-84.jpg,SHINEd_car-52.jpg,SHINEd_face-129.jpg,SHINEd_face-92.jpg,SHINEd_face-19.jpg,SHINEd_face-163.jpg,SHINEd_foot-38.jpg,SHINEd_foot-16.jpg,SHINEd_foot-82.jpg,SHINEd_foot-92.jpg,SHINEd_hand-20.jpg,SHINEd_hand-22.jpg,SHINEd_hand-3.jpg,SHINEd_hand-89.jpg,SHINEd_house-85.jpg,SHINEd_house-81.jpg,SHINEd_house-129.jpg,SHINEd_house-86.jpg,SHINEd_word-11.jpg,SHINEd_word-176.jpg,SHINEd_word-172.jpg,SHINEd_word-170.jpg
body-123.jpg,body-95.jpg,body-43.jpg,body-43.jpg,SHINEd_car-123.jpg,SHINEd_car-19.jpg,SHINEd_car-43.jpg,SHINEd_car-33.jpg,SHINEd_face-67.jpg,SHINEd_face-110.jpg,SHINEd_face-151.jpg,SHINEd_face-174.jpg,SHINEd_foot-99.jpg,SHINEd_foot-55.jpg,SHINEd_foot-16.jpg,SHINEd_foot-46.jpg,SHINEd_hand-52.jpg,SHINEd_hand-52.jpg,SHINEd_hand-42.jpg,SHINEd_hand-42.jpg,SHINEd_house-73.jpg,SHINEd_house-86.jpg,SHINEd_house-147.jpg,SHINEd_house-10.jpg,SHINEd_word-181.jpg,SHINEd_word-182.jpg,SHINEd_word-189.jpg,SHINEd_word-199.jpg
body-20.jpg,body-109.jpg,body-87.jpg,body-116.jpg,SHINEd_car-56.jpg,SHINEd_car-45.jpg,SHINEd_car-37.jpg,SHINEd_car-52.jpg,SHINEd_face-31.jpg,SHINEd_face-119.jpg,SHINEd_face-100.jpg,SHINEd_face-24.jpg,SHINEd_foot-38.jpg,SHINEd_foot-45.jpg,SHINEd_foot-21.jpg,SHINEd_foot-65.jpg,SHINEd_hand-51.jpg,SHINEd_hand-2.jpg,SHINEd_hand-129.jpg,SHINEd_hand-63.jpg,SHINEd_house-32.jpg,SHINEd_house-174.jpg,SHINEd_house-180.jpg,SHINEd_house-148.jpg,SHINEd_word-94.jpg,SHINEd_word-66.jpg,SHINEd_word-162.jpg,SHINEd_word-115.jpg
body-31.jpg,body-85.jpg,body-48.jpg,body-139.jpg,SHINEd_car-127.jpg,SHINEd_car-129.jpg,SHINEd_car-132.jpg,SHINEd_car-10.jpg,SHINEd_face-125.jpg,SHINEd_face-80.jpg,SHINEd_face-151.jpg,SHINEd_face-30.jpg,SHINEd_foot-65.jpg,SHINEd_foot-53.jpg,SHINEd_foot-16.jpg,SHINEd_foot-131.jpg,SHINEd_hand-59.jpg,SHINEd_hand-52.jpg,SHINEd_hand-42.jpg,SHINEd_hand-10.jpg,SHINEd_house-180.jpg,SHINEd_house-44.jpg,SHINEd_house-119.jpg,SHINEd_house-83.jpg,SHINEd_word-5.jpg,SHINEd_word-100.jpg,SHINEd_word-194.jpg,SHINEd_word-57.jpg
body-116.jpg,body-40.jpg,body-133.jpg,body-89.jpg,SHINEd_car-144.jpg,SHINEd_car-121.jpg,SHINEd_car-24.jpg,SHINEd_car-111.jpg,SHINEd_face-107.jpg,SHINEd_face-72.jpg,SHINEd_face-55.jpg,SHINEd_face-157.jpg,SHINEd_foot-124.jpg,SHINEd_foot-18.jpg,SHINEd_foot-6.jpg,SHINEd_foot-107.jpg,SHINEd_hand-57.jpg,SHINEd_hand-72.jpg,SHINEd_hand-60.jpg,SHINEd_hand-108.jpg,SHINEd_house-127.jpg,SHINEd_house-87.jpg,SHINEd_house-137.jpg,SHINEd_house-50.jpg,SHINEd_word-96.jpg,SHINEd_word-72.jpg,SHINEd_word-148.jpg,SHINEd_word-5.jpg
body-73.jpg,body-143.jpg,body-142.jpg,body-14.jpg,SHINEd_car-6.jpg,SHINEd_car-69.jpg,SHINEd_car-103.jpg,SHINEd_car-9.jpg,SHINEd_face-66.jpg,SHINEd_face-145.jpg,SHINEd_face-99.jpg,SHINEd_face-34.jpg,SHINEd_foot-115.jpg,SHINEd_foot-116.jpg,SHINEd_foot-53.jpg,SHINEd_foot-85.jpg,SHINEd_hand-109.jpg,SHINEd_hand-48.jpg,SHINEd_hand-52.jpg,SHINEd_hand-7.jpg,SHINEd_house-160.jpg,SHINEd_house-192.jpg,SHINEd_house-173.jpg,SHINEd_house-125.jpg,SHINEd_word-36.jpg,SHINEd_word-52.jpg,SHINEd_word-93.jpg,SHINEd_word-37.jpg
body-116.jpg,body-9.jpg,body-70.jpg,body-89.jpg,SHINEd_car-51.jpg,SHINEd_car-64.jpg,SHINEd_car-90.jpg,SHINEd_car-59.jpg,SHINEd_face-179.jpg,SHINEd_face-37.jpg,SHINEd_face-155.jpg,SHINEd_face-76.jpg,SHINEd_foot-76.jpg,SHINEd_foot-107.jpg,SHINEd_foot-82.jpg,SHINEd_foot-126.jpg,SHINEd_hand-129.jpg,SHINEd_hand-34.jpg,SHINEd_hand-35.jpg,SHINEd_hand-84.jpg,SHINEd_house-122.jpg,SHINEd_house-54.jpg,SHINEd_house-125.jpg,SHINEd_house-54.jpg,SHINEd_word-19.jpg,SHINEd_word-137.jpg,SHINEd_word-148.jpg,SHINEd_word-170.jpg
body-96.jpg,body-24.jpg,body-129.jpg,body-69.jpg,SHINEd_car-133.jpg,SHINEd_car-95.jpg,SHINEd_car-144.jpg,SHINEd_car-25.jpg,SHINEd_face-200.jpg,SHINEd_face-182.jpg,SHINEd_face-112.jpg,SHINEd_face-75.jpg,SHINEd_foot-115.jpg,SHINEd_foot-6.jpg,SHINEd_foot-15.jpg,SHINEd_foot-127.jpg,SHINEd_hand-10.jpg,SHINEd_hand-125.jpg,SHINEd_hand-96.jpg,SHINEd_hand-88.jpg,SHINEd_house-24.jpg,SHINEd_house-108.jpg,SHINEd_house-129.jpg,SHINEd_house-161.jpg,SHINEd_word-36.jpg,SHINEd_word-150.jpg,SHINEd_word-94.jpg,SHINEd_word-44.jpg
body-114.jpg,body-100.jpg,body-70.jpg,body-38.jpg,SHINEd_car-90.jpg,SHINEd_car-57.jpg,SHINEd_car-120.jpg,SHINEd_car-59.jpg,SHINEd_face-81.jpg,SHINEd_face-136.jpg,SHINEd_face-188.jpg,SHINEd_face-193.jpg,SHINEd_foot-99.jpg,SHINEd_foot-53.jpg,SHINEd_foot-82.jpg,SHINEd_foot-30.jpg,SHINEd_hand-52.jpg,SHINEd_hand-132.jpg,SHINEd_hand-35.jpg,SHINEd_hand-121.jpg,SHINEd_house-182.jpg,SHINEd_house-159.jpg,SHINEd_house-181.jpg,SHINEd_house-140.jpg,SHINEd_word-90.jpg,SHINEd_word-180.jpg,SHINEd_word-19.jpg,SHINEd_word-16.jpg
body-142.jpg,body-28.jpg,body-14.jpg,body-138.jpg,SHINEd_car-116.jpg,SHINEd_car-11.jpg,SHINEd_car-125.jpg,SHINEd_car-85.jpg,SHINEd_face-178.jpg,SHINEd_face-130.jpg,SHINEd_face-19.jpg,SHINEd_face-49.jpg,SHINEd_foot-135.jpg,SHINEd_foot-6.jpg,SHINEd_foot-92.jpg,SHINEd_foot-135.jpg,SHINEd_hand-10.jpg,SHINEd_hand-59.jpg,SHINEd_hand-72.jpg,SHINEd_hand-69.jpg,SHINEd_house-94.jpg,SHINEd_house-187.jpg,SHINEd_house-129.jpg,SHINEd_house-68.jpg,SHINEd_word-116.jpg,SHINEd_word-117.jpg,SHINEd_word-45.jpg,SHINEd_word-44.jpg
body-119.jpg,body-100.jpg,body-139.jpg,body-22.jpg,SHINEd_car-65.jpg,SHINEd_car-45.jpg,SHINEd_car-120.jpg,SHINEd_car-39.jpg,SHINEd_face-166.jpg,SHINEd_face-23.jpg,SHINEd_face-188.jpg,SHINEd_face-52.jpg,SHINEd_foot-131.jpg,SHINEd_foot-50.jpg,SHINEd_foot-8.jpg,SHINEd_foot-50.jpg,SHINEd_hand-132.jpg,SHINEd_hand-97.jpg,SHINEd_hand-97.jpg,SHINEd_hand-117.jpg,SHINEd_house-192.jpg,SHINEd_house-18.jpg,SHINEd_house-177.jpg,SHINEd_house-80.jpg,SHINEd_word-12.jpg,SHINEd_word-173.jpg,SHINEd_word-50.jpg,SHINEd_word-86.jpg
body-117.jpg,body-80.jpg,body-92.jpg,body-24.jpg,SHINEd_car-40.jpg,SHINEd_car-62.jpg,SHINEd_car-142.jpg,SHINEd_car-100.jpg,SHINEd_face-157.jpg,SHINEd_face-4.jpg,SHINEd_face-183.jpg,SHINEd_face-5.jpg,SHINEd_foot-41.jpg,SHINEd_foot-92.jpg,SHINEd_foot-65.jpg,SHINEd_foot-135.jpg,SHINEd_hand-25.jpg,SHINEd_hand-59.jpg,SHINEd_hand-91.jpg,SHINEd_hand-111.jpg,SHINEd_house-55.jpg,SHINEd_house-75.jpg,SHINEd_house-198.jpg,SHINEd_house-56.jpg,SHINEd_word-68.jpg,SHINEd_word-13.jpg,SHINEd_word-54.jpg,SHINEd_word-74.jpg
body-110.jpg,body-116.jpg,body-64.jpg,body-50.jpg,SHINEd_car-144.jpg,SHINEd_car-5.jpg,SHINEd_car-105.jpg,SHINEd_car-126.jpg,SHINEd_face-170.jpg,SHINEd_face-54.jpg,SHINEd_face-120.jpg,SHINEd_face-150.jpg,SHINEd_foot-6.jpg,SHINEd_foot-122.jpg,SHINEd_foot-102.jpg,SHINEd_foot-102.jpg,SHINEd_hand-97.jpg,SHINEd_hand-77.jpg,SHINEd_hand-133.jpg,SHINEd_hand-101.jpg,SHINEd_house-75.jpg,SHINEd_house-67.jpg,SHINEd_house-4.jpg,SHINEd_house-60.jpg,SHINEd_word-116.jpg,SHINEd_word-12.jpg,SHINEd_word-33.jpg,SHINEd_word-171.jpg
body-36.jpg,body-112.jpg,body-83.jpg,body-30.jpg,SHINEd_car-3.jpg,SHINEd_car-52.jpg,SHINEd_car-2.jpg,SHINEd_car-97.jpg,SHINEd_face-159.jpg,SHINEd_face-179.jpg,SHINEd_face-114.jpg,SHINEd_face-70.jpg,SHINEd_foot-85.jpg,SHINEd_foot-1.jpg,SHINEd_foot-55.jpg,SHINEd_foot-85.jpg,SHINEd_hand-31.jpg,SHINEd_hand-73.jpg,SHINEd_hand-128.jpg,SHINEd_hand-63.jpg,SHINEd_house-175.jpg,SHINEd_house-189.jpg,SHINEd_house-65.jpg,SHINEd_house-12.jpg,SHINEd_word-148.jpg,SHINEd_word-109.jpg,SHINEd_word-102.jpg,SHINEd_word-3.jpg
body-75.jpg,body-120.jpg,body-64.jpg,body-138.jpg,SHINEd_car-138.jpg,SHINEd_car-125.jpg,SHINEd_car-16.jpg,SHINEd_car-79.jpg,SHINEd_face-188.jpg,SHINEd_face-171.jpg,SHINEd_face-43.jpg,SHINEd_face-54.jpg,SHINEd_foot-16.jpg,SHINEd_foot-36.jpg,SHINEd_foot-105.jpg,SHINEd_foot-87.jpg,SHINEd_hand-47.jpg,SHINEd_hand-28.jpg,SHINEd_hand-7.jpg,SHINEd_hand-67.jpg,SHINEd_house-204.jpg,SHINEd_house-45.jpg,SHINEd_house-4.jpg,SHINEd_house-73.jpg,SHINEd_word-111.jpg,SHINEd_word-181.jpg,SHINEd_word-46.jpg,SHINEd_word-171.jpg
body-55.jpg,body-112.jpg,body-131.jpg,body-123.jpg,SHINEd_car-25.jpg,SHINEd_car-105.jpg,SHINEd_car-36.jpg,SHINEd_car-23.jpg,SHINEd_face-98.jpg,SHINEd_face-73.jpg,SHINEd_face-71.jpg,SHINEd_face-165.jpg,SHINEd_foot-139.jpg,SHINEd_foot-5.jpg,SHINEd_foot-55.jpg,SHINEd_foot-135.jpg,SHINEd_hand-103.jpg,SHINEd_hand-93.jpg,SHINEd_hand-3.jpg,SHINEd_hand-63.jpg,SHINEd_house-16.jpg,SHINEd_house-189.jpg,SHINEd_house-71.jpg,SHINEd_house-43.jpg,SHINEd_word-85.jpg,SHINEd_word-64.jpg,SHINEd_word-87.jpg,SHINEd_word-140.jpg
body-11.jpg,body-18.jpg,body-67.jpg,body-138.jpg,SHINEd_car-49.jpg,SHINEd_car-124.jpg,SHINEd_car-16.jpg,SHINEd_car-87.jpg,SHINEd_face-135.jpg,SHINEd_face-55.jpg,SHINEd_face-2.jpg,SHINEd_face-54.jpg,SHINEd_foot-135.jpg,SHINEd_foot-139.jpg,SHINEd_foot-64.jpg,SHINEd_foot-105.jpg,SHINEd_hand-42.jpg,SHINEd_hand-56.jpg,SHINEd_hand-110.jpg,SHINEd_hand-88.jpg,SHINEd_house-71.jpg,SHINEd_house-120.jpg,SHINEd_house-175.jpg,SHINEd_house-73.jpg,SHINEd_word-111.jpg,SHINEd_word-10.jpg,SHINEd_word-38.jpg,SHINEd_word-194.jpg
body-63.jpg,body-136.jpg,body-106.jpg,body-86.jpg,SHINEd_car-89.jpg,SHINEd_car-9.jpg,SHINEd_car-26.jpg,SHINEd_car-9.jpg,SHINEd_face-98.jpg,SHINEd_face-18.jpg,SHINEd_face-74.jpg,SHINEd_face-166.jpg,SHINEd_foot-1.jpg,SHINEd_foot-41.jpg,SHINEd_foot-83.jpg,SHINEd_foot-135.jpg,SHINEd_hand-12.jpg,SHINEd_hand-14.jpg,SHINEd_hand-97.jpg,SHINEd_hand-136.jpg,SHINEd_house-16.jpg,SHINEd_house-158.jpg,SHINEd_house-3.jpg,SHINEd_house-80.jpg,SHINEd_word-191.jpg,SHINEd_word-156.jpg,SHINEd_word-127.jpg,SHINEd_word-197.jpg
body-20.jpg,body-33.jpg,body-60.jpg,body-14.jpg,SHINEd_car-2.jpg,SHINEd_car-124.jpg,SHINEd_car-64.jpg,SHINEd_car-143.jpg,SHINEd_face-142.jpg,SHINEd_face-79.jpg,SHINEd_face-2.jpg,SHINEd_face-75.jpg,SHINEd_foot-76.jpg,SHINEd_foot-4.jpg,SHINEd_foot-65.jpg,SHINEd_foot-127.jpg,SHINEd_hand-2.jpg,SHINEd_hand-37.jpg,SHINEd_hand-110.jpg,SHINEd_hand-121.jpg,SHINEd_house-111.jpg,SHINEd_house-23.jpg,SHINEd_house-177.jpg,SHINEd_house-108.jpg,SHINEd_word-101.jpg,SHINEd_word-197.jpg,SHINEd_word-38.jpg,SHINEd_word-71.jpg
body-63.jpg,body-91.jpg,body-132.jpg,body-119.jpg,SHINEd_car-140.jpg,SHINEd_car-92.jpg,SHINEd_car-78.jpg,SHINEd_car-11.jpg,SHINEd_face-143.jpg,SHINEd_face-34.jpg,SHINEd_face-57.jpg,SHINEd_face-71.jpg,SHINEd_foot-70.jpg,SHINEd_foot-24.jpg,SHINEd_foot-24.jpg,SHINEd_foot-82.jpg,SHINEd_hand-117.jpg,SHINEd_hand-60.jpg,SHINEd_hand-143.jpg,SHINEd_hand-57.jpg,SHINEd_house-91.jpg,SHINEd_house-166.jpg,SHINEd_house-180.jpg,SHINEd_house-84.jpg,SHINEd_word-63.jpg,SHINEd_word-156.jpg,SHINEd_word-180.jpg,SHINEd_word-161.jpg
body-39.jpg,body-15.jpg,body-116.jpg,body-55.jpg,SHINEd_car-95.jpg,SHINEd_car-30.jpg,SHINEd_car-49.jpg,SHINEd_car-46.jpg,SHINEd_face-184.jpg,SHINEd_face-156.jpg,SHINEd_face-90.jpg,SHINEd_face-132.jpg,SHINEd_foot-68.jpg,SHINEd_foot-15.jpg,SHINEd_foot-122.jpg,SHINEd_foot-76.jpg,SHINEd_hand-91.jpg,SHINEd_hand-123.jpg,SHINEd_hand-73.jpg,SHINEd_hand-97.jpg,SHINEd_house-103.jpg,SHINEd_house-2.jpg,SHINEd_house-42.jpg,SHINEd_house-45.jpg,SHINEd_word-161.jpg,SHINEd_word-46.jpg,SHINEd_word-119.jpg,SHINEd_word-112.jpg
body-13.jpg,body-34.jpg,body-62.jpg,body-16.jpg,SHINEd_car-83.jpg,SHINEd_car-114.jpg,SHINEd_car-120.jpg,SHINEd_car-89.jpg,SHINEd_face-21.jpg,SHINEd_face-114.jpg,SHINEd_face-170.jpg,SHINEd_face-176.jpg,SHINEd_foot-64.jpg,SHINEd_foot-46.jpg,SHINEd_foot-5.jpg,SHINEd_foot-50.jpg,SHINEd_hand-69.jpg,SHINEd_hand-84.jpg,SHINEd_hand-120.jpg,SHINEd_hand-12.jpg,SHINEd_house-33.jpg,SHINEd_house-176.jpg,SHINEd_house-192.jpg,SHINEd_house-99.jpg,SHINEd_word-196.jpg,SHINEd_word-35.jpg,SHINEd_word-82.jpg,SHINEd_word-130.jpg
body-71.jpg,body-104.jpg,body-33.jpg,body-125.jpg,SHINEd_car-137.jpg,SHINEd_car-141.jpg,SHINEd_car-132.jpg,SHINEd_car-58.jpg,SHINEd_face-124.jpg,SHINEd_face-99.jpg,SHINEd_face-116.jpg,SHINEd_face-87.jpg,SHINEd_foot-15.jpg,SHINEd_foot-44.jpg,SHINEd_foot-45.jpg,SHINEd_foot-41.jpg,SHINEd_hand-7.jpg,SHINEd_hand-123.jpg,SHINEd_hand-77.jpg,SHINEd_hand-121.jpg,SHINEd_house-118.jpg,SHINEd_house-202.jpg,SHINEd_house-36.jpg,SHINEd_house-45.jpg,SHINEd_word-109.jpg,SHINEd_word-199.jpg,SHINEd_word-24.jpg,SHINEd_word-86.jpg
body-64.jpg,body-107.jpg,body-6.jpg,body-28.jpg,SHINEd_car-23.jpg,SHINEd_car-117.jpg,SHINEd_car-91.jpg,SHINEd_car-17.jpg,SHINEd_face-14.jpg,SHINEd_face-164.jpg,SHINEd_face-130.jpg,SHINEd_face-197.jpg,SHINEd_foot-85.jpg,SHINEd_foot-85.jpg,SHINEd_foot-50.jpg,SHINEd_foot-139.jpg,SHINEd_hand-3.jpg,SHINEd_hand-52.jpg,SHINEd_hand-11.jpg,SHINEd_hand-47.jpg,SHINEd_house-137.jpg,SHINEd_house-176.jpg,SHINEd_house-131.jpg,SHINEd_house-160.jpg,SHINEd_word-56.jpg,SHINEd_word-164.jpg,SHINEd_word-186.jpg,SHINEd_word-75.jpg
body-102.jpg,body-75.jpg,body-130.jpg,body-6.jpg,SHINEd_car-82.jpg,SHINEd_car-72.jpg,SHINEd_car-57.jpg,SHINEd_car-118.jpg,SHINEd_face-34.jpg,SHINEd_face-168.jpg,SHINEd_face-70.jpg,SHINEd_face-84.jpg,SHINEd_foot-15.jpg,SHINEd_foot-30.jpg,SHINEd_foot-9.jpg,SHINEd_foot-41.jpg,SHINEd_hand-89.jpg,SHINEd_hand-120.jpg,SHINEd_hand-129.jpg,SHINEd_hand-52.jpg,SHINEd_house-193.jpg,SHINEd_house-71.jpg,SHINEd_house-92.jpg,SHINEd_house-13.jpg,SHINEd_word-182.jpg,SHINEd_word-160.jpg,SHINEd_word-128.jpg,SHINEd_word-55.jpg
body-27.jpg,body-56.jpg,body-1.jpg,body-28.jpg,SHINEd_car-89.jpg,SHINEd_car-25.jpg,SHINEd_car-9.jpg,SHINEd_car-110.jpg,SHINEd_face-113.jpg,SHINEd_face-164.jpg,SHINEd_face-118.jpg,SHINEd_face-197.jpg,SHINEd_foot-92.jpg,SHINEd_foot-119.jpg,SHINEd_foot-38.jpg,SHINEd_foot-99.jpg,SHINEd_hand-86.jpg,SHINEd_hand-140.jpg,SHINEd_hand-11.jpg,SHINEd_hand-22.jpg,SHINEd_house-54.jpg,SHINEd_house-34.jpg,SHINEd_house-166.jpg,SHINEd_house-113.jpg,SHINEd_word-46.jpg,SHINEd_word-164.jpg,SHINEd_word-140.jpg,SHINEd_word-189.jpg
body-117.jpg,body-75.jpg,body-108.jpg,body-56.jpg,SHINEd_car-28.jpg,SHINEd_car-133.jpg,SHINEd_car-100.jpg,SHINEd_car-8.jpg,SHINEd_face-106.jpg,SHINEd_face-61.jpg,SHINEd_face-156.jpg,SHINEd_face-112.jpg,SHINEd_foot-9.jpg,SHINEd_foot-76.jpg,SHINEd_foot-18.jpg,SHINEd_foot-116.jpg,SHINEd_hand-89.jpg,SHINEd_hand-63.jpg,SHINEd_hand-128.jpg,SHINEd_hand-67.jpg,SHINEd_house-86.jpg,SHINEd_house-76.jpg,SHINEd_house-61.jpg,SHINEd_house-158.jpg,SHINEd_word-60.jpg,SHINEd_word-94.jpg,SHINEd_word-51.jpg,SHINEd_word-45.jpg
body-76.jpg,body-7.jpg,body-127.jpg,body-127.jpg,SHINEd_car-119.jpg,SHINEd_car-25.jpg,SHINEd_car-117.jpg,SHINEd_car-32.jpg,SHINEd_face-51.jpg,SHINEd_face-42.jpg,SHINEd_face-119.jpg,SHINEd_face-104.jpg,SHINEd_foot-62.jpg,SHINEd_foot-16.jpg,SHINEd_foot-92.jpg,SHINEd_foot-92.jpg,SHINEd_hand-88.jpg,SHINEd_hand-47.jpg,SHINEd_hand-35.jpg,SHINEd_hand-42.jpg,SHINEd_house-175.jpg,SHINEd_house-88.jpg,SHINEd_house-194.jpg,SHINEd_house-60.jpg,SHINEd_word-92.jpg,SHINEd_word-16.jpg,SHINEd_word-79.jpg,SHINEd_word-61.jpg
body-83.jpg,body-40.jpg,body-75.jpg,body-90.jpg,SHINEd_car-90.jpg,SHINEd_car-90.jpg,SHINEd_car-78.jpg,SHINEd_car-121.jpg,SHINEd_face-23.jpg,SHINEd_face-64.jpg,SHINEd_face-195.jpg,SHINEd_face-134.jpg,SHINEd_foot-79.jpg,SHINEd_foot-36.jpg,SHINEd_foot-61.jpg,SHINEd_foot-119.jpg,SHINEd_hand-104.jpg,SHINEd_hand-117.jpg,SHINEd_hand-69.jpg,SHINEd_hand-10.jpg,SHINEd_house-51.jpg,SHINEd_house-150.jpg,SHINEd_house-93.jpg,SHINEd_house-17.jpg,SHINEd_word-123.jpg,SHINEd_word-73.jpg,SHINEd_word-140.jpg,SHINEd_word-115.jpg
body-70.jpg,body-23.jpg,body-19.jpg,body-24.jpg,SHINEd_car-69.jpg,SHINEd_car-109.jpg,SHINEd_car-50.jpg,SHINEd_car-25.jpg,SHINEd_face-72.jpg,SHINEd_face-16.jpg,SHINEd_face-40.jpg,SHINEd_face-144.jpg,SHINEd_foot-46.jpg,SHINEd_foot-64.jpg,SHINEd_foot-15.jpg,SHINEd_foot-135.jpg,SHINEd_hand-22.jpg,SHINEd_hand-35.jpg,SHINEd_hand-93.jpg,SHINEd_hand-28.jpg,SHINEd_house-196.jpg,SHINEd_house-10.jpg,SHINEd_house-184.jpg,SHINEd_house-138.jpg,SHINEd_word-148.jpg,SHINEd_word-167.jpg,SHINEd_word-33.jpg,SHINEd_word-90.jpg
body-37.jpg,body-32.jpg,body-38.jpg,body-99.jpg,SHINEd_car-125.jpg,SHINEd_car-115.jpg,SHINEd_car-144.jpg,SHINEd_car-134.jpg,SHINEd_face-141.jpg,SHINEd_face-103.jpg,SHINEd_face-120.jpg,SHINEd_face-70.jpg,SHINEd_foot-6.jpg,SHINEd_foot-124.jpg,SHINEd_foot-102.jpg,SHINEd_foot-5.jpg,SHINEd_hand-128.jpg,SHINEd_hand-101.jpg,SHINEd_hand-91.jpg,SHINEd_hand-111.jpg,SHINEd_house-22.jpg,SHINEd_house-58.jpg,SHINEd_house-181.jpg,SHINEd_house-13.jpg,SHINEd_word-103.jpg,SHINEd_word-57.jpg,SHINEd_word-143.jpg,SHINEd_word-83.jpg
body-70.jpg,body-101.jpg,body-88.jpg,body-141.jpg,SHINEd_car-106.jpg,SHINEd_car-47.jpg,SHINEd_car-135.jpg,SHINEd_car-101.jpg,SHINEd_face-173.jpg,SHINEd_face-80.jpg,SHINEd_face-16.jpg,SHINEd_face-163.jpg,SHINEd_foot-24.jpg,SHINEd_foot-9.jpg,SHINEd_foot-62.jpg,SHINEd_foot-76.jpg,SHINEd_hand-84.jpg,SHINEd_hand-72.jpg,SHINEd_hand-42.jpg,SHINEd_hand-54.jpg,SHINEd_house-203.jpg,SHINEd_house-40.jpg,SHINEd_house-182.jpg,SHINEd_house-10.jpg,SHINEd_word-1.jpg,SHINEd_word-20.jpg,SHINEd_word-107.jpg,SHINEd_word-150.jpg
body-68.jpg,body-110.jpg,body-38.jpg,body-19.jpg,SHINEd_car-121.jpg,SHINEd_car-61.jpg,SHINEd_car-39.jpg,SHINEd_car-96.jpg,SHINEd_face-148.jpg,SHINEd_face-59.jpg,SHINEd_face-164.jpg,SHINEd_face-17.jpg,SHINEd_foot-6.jpg,SHINEd_foot-144.jpg,SHINEd_foot-130.jpg,SHINEd_foot-139.jpg,SHINEd_hand-128.jpg,SHINEd_hand-26.jpg,SHINEd_hand-66.jpg,SHINEd_hand-63.jpg,SHINEd_house-4.jpg,SHINEd_house-169.jpg,SHINEd_house-173.jpg,SHINEd_house-184.jpg,SHINEd_word-95.jpg,SHINEd_word-26.jpg,SHINEd_word-131.jpg,SHINEd_word-161.jpg
body-131.jpg,body-73.jpg,body-101.jpg,body-112.jpg,SHINEd_car-106.jpg,SHINEd_car-106.jpg,SHINEd_car-46.jpg,SHINEd_car-109.jpg,SHINEd_face-99.jpg,SHINEd_face-164.jpg,SHINEd_face-193.jpg,SHINEd_face-153.jpg,SHINEd_foot-115.jpg,SHINEd_foot-79.jpg,SHINEd_foot-99.jpg,SHINEd_foot-55.jpg,SHINEd_hand-42.jpg,SHINEd_hand-88.jpg,SHINEd_hand-59.jpg,SHINEd_hand-26.jpg,SHINEd_house-168.jpg,SHINEd_house-195.jpg,SHINEd_house-203.jpg,SHINEd_house-97.jpg,SHINEd_word-126.jpg,SHINEd_word-20.jpg,SHINEd_word-76.jpg,SHINEd_word-35.jpg
body-114.jpg,body-68.jpg,body-50.jpg,body-134.jpg,SHINEd_car-60.jpg,SHINEd_car-86.jpg,SHINEd_car-106.jpg,SHINEd_car-23.jpg,SHINEd_face-16.jpg,SHINEd_face-117.jpg,SHINEd_face-76.jpg,SHINEd_face-6.jpg,SHINEd_foot-68.jpg,SHINEd_foot-144.jpg,SHINEd_foot-18.jpg,SHINEd_foot-53.jpg,SHINEd_hand-93.jpg,SHINEd_hand-31.jpg,SHINEd_hand-56.jpg,SHINEd_hand-25.jpg,SHINEd_house-15.jpg,SHINEd_house-22.jpg,SHINEd_house-173.jpg,SHINEd_house-56.jpg,SHINEd_word-127.jpg,SHINEd_word-161.jpg,SHINEd_word-55.jpg,SHINEd_word-1.jpg
body-43.jpg,body-103.jpg,body-76.jpg,body-49.jpg,SHINEd_car-132.jpg,SHINEd_car-70.jpg,SHINEd_car-140.jpg,SHINEd_car-99.jpg,SHINEd_face-155.jpg,SHINEd_face-140.jpg,SHINEd_face-186.jpg,SHINEd_face-153.jpg,SHINEd_foot-41.jpg,SHINEd_foot-102.jpg,SHINEd_foot-98.jpg,SHINEd_foot-99.jpg,SHINEd_hand-28.jpg,SHINEd_hand-132.jpg,SHINEd_hand-96.jpg,SHINEd_hand-26.jpg,SHINEd_house-168.jpg,SHINEd_house-31.jpg,SHINEd_house-82.jpg,SHINEd_house-127.jpg,SHINEd_word-200.jpg,SHINEd_word-100.jpg,SHINEd_word-76.jpg,SHINEd_word-151.jpg
